<?xml version="1.0" encoding="UTF-8"?>
<project-private xmlns="http://www.netbeans.org/ns/project-private/1">
    <editor-bookmarks xmlns="http://www.netbeans.org/ns/editor-bookmarks/2" lastBookmarkId="0"/>
    <open-files xmlns="http://www.netbeans.org/ns/projectui-open-files/2">
        <group>
            <file>file:/C:/Users/Fotic/Documents/NetBeansProjects/InWare/src/inware/ManageUserController.java</file>
            <file>file:/C:/Users/Fotic/Documents/NetBeansProjects/InWare/src/inware/ManageTeacherController.java</file>
            <file>file:/C:/Users/Fotic/Documents/NetBeansProjects/InWare/src/inware/teachers.txt</file>
            <file>file:/C:/Users/Fotic/Documents/NetBeansProjects/InWare/src/inware/ManageStudentController.java</file>
            <file>file:/C:/Users/Fotic/Documents/NetBeansProjects/InWare/src/inware/UserAuthController.java</file>
            <file>file:/C:/Users/Fotic/Documents/NetBeansProjects/InWare/src/inware/InWareController.java</file>
            <file>file:/C:/Users/Fotic/Documents/NetBeansProjects/InWare/src/inware/users.txt</file>
            <file>file:/C:/Users/Fotic/Documents/NetBeansProjects/InWare/src/inware/Main.java</file>
            <file>file:/C:/Users/Fotic/Documents/NetBeansProjects/InWare/src/inware/PrintStudent.txt</file>
        </group>
    </open-files>
</project-private>
